<StructureDefinition xmlns="http://hl7.org/fhir">
  <id value="4b4b132a-90ec-47e7-970d-31a76a63afcc" />
  <url value="https://fhir.nhs.uk/StructureDefinition/Extension-DM-SuppliedItemIdentifier" />
  <name value="ExtensionDMSuppliedItemIdentifier" />
  <status value="draft" />
  <fhirVersion value="4.0.1" />
  <mapping>
    <identity value="rim" />
    <uri value="http://hl7.org/v3" />
    <name value="RIM Mapping" />
  </mapping>
  <kind value="complex-type" />
  <abstract value="false" />
  <context>
    <type value="element" />
    <expression value="Claim.item" />
  </context>
  <context>
    <type value="element" />
    <expression value="Claim.item.detail" />
  </context>
  <type value="Extension" />
  <baseDefinition value="http://hl7.org/fhir/StructureDefinition/Extension" />
  <derivation value="constraint" />
  <differential>
    <element id="Extension.url">
      <path value="Extension.url" />
      <fixedUri value="https://fhir.nhs.uk/StructureDefinition/Extension-DM-SuppliedItemIdentifier" />
    </element>
    <element id="Extension.value[x]">
      <path value="Extension.value[x]" />
      <type>
        <code value="Identifier" />
      </type>
    </element>
    <element id="Extension.value[x].value">
      <path value="Extension.value[x].value" />
      <min value="1" />
    </element>
  </differential>
</StructureDefinition>