{
    "resourceType": "CapabilityStatement",
    "id": "apim-eps-prescriptionsforpatients",
    "extension":  [
        {
            "url": "https://fhir.nhs.uk/StructureDefinition/Extension-NHSDigital-CapabilityStatement-Package",
            "extension":  [
                {
                    "url": "FHIRPackage",
                    "extension":  [
                        {
                            "url": "name",
                            "valueString": "uk.nhsdigital.r4.test"
                        }
                    ]
                },
                {
                    "url": "FHIRPackage",
                    "extension":  [
                        {
                            "url": "name",
                            "valueString": "uk.nhsdigital.medicines.r4.test"
                        }
                    ]
                },
                {
                    "url": "FHIRPackage",
                    "extension":  [
                        {
                            "url": "name",
                            "valueString": "fhir.r4.ukcore.stu1"
                        },
                        {
                            "url": "version",
                            "valueString": "1.0.4"
                        }
                    ]
                },
                {
                    "url": "openApi",
                    "extension":  [
                        {
                            "url": "documentation",
                            "valueUrl": "https://digital.nhs.uk/developer/api-catalogue/electronic-prescription-service-fhir"
                        },
                        {
                            "url": "description",
                            "valueString": "Electronic Prescription Service - FHIR API"
                        }
                    ]
                }
            ]
        }
    ],
    "url": "https://fhir.nhs.uk/CapabilityStatement/apim-eps-prescriptionsforpatients",
    "version": "3.0.0",
    "name": "APIMEPSPrescriptionsForPatients",
    "status": "active",
    "date": "2021-04-28T00:00:00+00:00",
    "publisher": "digital.nhs.uk",
    "description": "Capability Statement for NHS Digital EPS Prescriptions for Patients API",
    "kind": "instance",
    "implementationGuide":  [
        "https://simplifier.net/guide/nhsdigital-medicine",
        "https://simplifier.net/guide/nhsdigital"
    ],
    "fhirVersion": "4.0.1",
    "format":  [
        "application/fhir+json"
    ],
    "implementation": {
        "description": "Base URL for the Prescriptions for Patients API",
        "url": "https://api.service.nhs.uk/prescriptions-for-patients"
    },
    "rest":  [
        {
            "mode": "server",
            "security": {
                "service":  [
                    {
                        "coding":  [
                            {
                                "system": "http://terminology.hl7.org/CodeSystem/restful-security-service",
                                "code": "OAuth",
                                "display": "OAuth2 Token"
                            }
                        ]
                    }
                ]
            },
            "resource":  [
                {
                    "type": "Bundle",
                    "profile": "http://hl7.org/fhir/StructureDefinition/Bundle",
                    "interaction":  [
                        {
                            "extension":  [
                                {
                                    "url": "https://fhir.nhs.uk/StructureDefinition/Extension-NHSDigital-CapabilityStatement-Examples",
                                    "extension":  [
                                        {
                                            "url": "example",
                                            "extension": [
                                                {
                                                    "url": "request",
                                                    "valueBoolean": false
                                                },
                                                {
                                                    "url": "value",
                                                    "valueReference": {
                                                        "reference": "Bundle/155e1102-9e71-4f19-9453-b905c0bbc494"
                                                    }
                                                }
                                            ]
                                        }
                                    ]
                                }
                            ],
                            "code": "search-type",
                            "documentation": "Use this endpoint to request prescription summaries for a given patient (specified within request header)."
                        }
                    ]
                },
                {
                    "type": "CommunicationRequest",
                    "profile": "https://fhir.nhs.uk/StructureDefinition/NHSDigital-CommunicationRequest"
                },
                {
                    "type": "MedicationRequest",
                    "profile": "https://fhir.nhs.uk/StructureDefinition/NHSDigital-MedicationRequest"
                },
                {
                    "type": "PractitionerRole",
                    "profile": "https://fhir.nhs.uk/StructureDefinition/NHSDigital-PractitionerRole"
                },
                {
                    "type": "Practitioner",
                    "profile": "https://fhir.nhs.uk/StructureDefinition/NHSDigital-Practitioner"
                },
                {
                    "type": "Organization",
                    "profile": "https://fhir.nhs.uk/StructureDefinition/NHSDigital-Organization"
                }
            ]
        }
    ]
}