{
  "resourceType": "MedicationDispense",
  "id": "06167339-9337-d030-0366-514a6a46da17",
  "extension": [
    {
      "url": "https://fhir.nhs.uk/StructureDefinition/Extension-EPS-TaskBusinessStatus",
      "valueCoding": {
        "system": "https://fhir.nhs.uk/CodeSystem/EPS-task-business-status",
        "code": "0003",
        "display": "With Dispenser - Active"
      }
    }
  ],
  "contained": [
    {
      "resourceType": "PractitionerRole",
      "id": "performer",
      "identifier": [
        {
          "system": "https://fhir.nhs.uk/Id/sds-role-profile-id",
          "value": "741555508105"
        }
      ],
      "code": [
        {
          "coding": [
            {
              "system": "https://fhir.nhs.uk/CodeSystem/NHSDigital-SDS-JobRoleCode",
              "code": "S0030:G0100:R0620"
            }
          ]
        }
      ],
      "practitioner": {
        "reference": "https://directory.spineservices.nhs.uk/FHIR/R4/Practitioner/12344557",
        "identifier": {
          "system": "https://fhir.nhs.uk/Id/sds-user-id",
          "value": "7654321"
        },
        "display": "Mr Peter Potion"
      },
      "organization": {
        "reference": "urn:uuid:2bf9f37c-d88b-4f86-ad5f-373c1416e04b"
      },
      "telecom": [
        {
          "system": "phone",
          "use": "work",
          "value": "01234567890"
        }
      ]
    }
  ],
  "identifier": [
    {
      "system": "https://fhir.nhs.uk/Id/prescription-dispense-item-number",
      "value": "06167339-9337-d030-0366-514a6a46da17"
    }
  ],
  "status": "in-progress",
  "medicationCodeableConcept": {
    "coding": [
      {
        "system": "http://snomed.info/sct",
        "code": "585011000001109",
        "display": "Metronidazole 400mg tablets (Teva UK Ltd)"
      }
    ]
  },
  "subject": {
    "type": "Patient",
    "identifier": {
      "system": "https://fhir.nhs.uk/Id/nhs-number",
      "value": "9453740519"
    },
    "display": "MISS ETTA CORY"
  },
  "performer": [
    {
      "actor": {
        "type": "PractitionerRole",
        "reference": "#performer"
      }
    }
  ],
  "authorizingPrescription": [
    {
      "extension": [
        {
          "url": "https://fhir.nhs.uk/StructureDefinition/Extension-DM-GroupIdentifier",
          "extension": [
            {
              "url": "shortForm",
              "valueIdentifier": {
                "system": "https://fhir.nhs.uk/Id/prescription-order-number",
                "value": "3C2366-B81001-0A409U"
              }
            },
            {
              "url": "UUID",
              "valueIdentifier": {
                "system": "https://fhir.nhs.uk/Id/prescription",
                "value": "66317E0C-CE13-59AD-9979-9B568E080160"
              }
            }
          ]
        }
      ],
      "reference": "https://electronicprescriptionserices.nhs.uk/FHIR/R4/MedicationRequest/E76622AE-E2DB-5683-2045-D1C229EDA3A2"
    }
  ],
  "type": {
    "coding": [
      {
        "system": "https://fhir.nhs.uk/CodeSystem/medicationdispense-type",
        "code": "0003",
        "display": "Item dispensed - partial"
      }
    ]
  },
  "quantity": {
    "value": 21,
    "unit": "tablet",
    "system": "http://snomed.info/sct",
    "code": "428673006"
  },
  "daysSupply": {
    "value": 7,
    "unit": "Day",
    "system": "http://unitsofmeasure.org",
    "code": "d"
  },
  "whenPrepared": "2004-09-16T16:30:00+00:00",
  "dosageInstruction": [
    {
      "text": "3 times a day for 10 days",
      "timing": {
        "repeat": {
          "boundsDuration": {
            "value": 10,
            "unit": "d"
          },
          "frequency": 3,
          "period": 1,
          "periodUnit": "d"
        }
      },
      "doseAndRate": [
        {
          "doseQuantity": {
            "value": 1,
            "unit": "tablet",
            "system": "http://snomed.info/sct",
            "code": "428673006"
          }
        }
      ]
    }
  ]
}