{
    "resourceType": "MedicationRequest",
    "id": "a54219b8-f741-4c47-b662-e4f8dfa49ab6",
    "extension": [
        {
            "url": "https://fhir.nhs.uk/StructureDefinition/Extension-DM-PrescriptionType",
            "valueCoding": {
                "system": "https://fhir.nhs.uk/CodeSystem/prescription-type",
                "code": "1201",
                "display": "Outpatient Homecare Prescriber - Medical Prescriber"
            }
        },
        {
            "url": "https://fhir.hl7.org.uk/StructureDefinition/Extension-UKCore-MedicationRepeatInformation",
            "extension": [
                {
                    "url": "numberOfPrescriptionsIssued",
                    "valueUnsignedInt": 1
                },
                {
                    "url": "authorisationExpiryDate",
                    "valueDateTime": "2020-08-07"
                }
            ]
        }
    ],
    "identifier": [
        {
            "system": "https://fhir.nhs.uk/Id/prescription-order-item-number",
            "value": "a54219b8-f741-4c47-b662-e4f8dfa49ab6"
        }
    ],
    "status": "active",
    "intent": "original-order",
    "category": [
        {
            "coding": [
                {
                    "system": "http://terminology.hl7.org/CodeSystem/medicationrequest-category",
                    "code": "outpatient",
                    "display": "Outpatient"
                }
            ]
        }
    ],
    "medicationCodeableConcept": {
        "coding": [
            {
                "system": "http://snomed.info/sct",
                "code": "15517911000001104",
                "display": "Methotrexate 10mg/0.2ml solution for injection pre-filled syringes"
            }
        ]
    },
    "subject": {
        "reference": "urn:uuid:78d3c2eb-009e-4ec8-a358-b042954aa9b2"
    },
    "authoredOn": "2020-07-13T12:00:00+00:00",
    "requester": {
        "reference": "urn:uuid:56166769-c1c4-4d07-afa8-132b5dfca666"
    },
    "basedOn": [
        {
            "reference": "https://elmpt-hospitals.nhs.uk/MedicationRequest/654321"
        }
    ],
    "groupIdentifier": {
        "extension": [
            {
                "url": "https://fhir.nhs.uk/StructureDefinition/Extension-DM-PrescriptionId",
                "valueIdentifier": {
                    "system": "https://fhir.nhs.uk/Id/prescription",
                    "value": "ad945a29-85f8-439a-b590-6789719adc16"
                }
            }
        ],
        "system": "https://fhir.nhs.uk/Id/prescription-order-number",
        "value": "DC2C66-A1B2C3-23407B"
    },
    "courseOfTherapyType": {
        "coding": [
            {
                "system": "http://terminology.hl7.org/CodeSystem/medicationrequest-course-of-therapy",
                "code": "continuous",
                "display": "Continuous long term therapy"
            }
        ]
    },
    "dosageInstruction": [
        {
            "text": "10 milligram, Inject, Subcutaneous route, once weekly.",
            "timing": {
                "repeat": {
                    "boundsRange": {
                        "low": {
                            "value": 3,
                            "unit": "day"
                        }
                    }
                }
            },
            "method": {
                "coding": [
                    {
                        "system": "http://snomed.info/sct",
                        "code": "422145002",
                        "display": "Inject"
                    }
                ]
            },
            "route": {
                "coding": [
                    {
                        "system": "http://snomed.info/sct",
                        "code": "34206005",
                        "display": "Subcutaneous route"
                    }
                ]
            },
            "doseAndRate": [
                {
                    "doseQuantity": {
                        "value": 10,
                        "unit": "milligram",
                        "system": "http://unitsofmeasure.org",
                        "code": "mg"
                    }
                }
            ]
        }
    ],
    "dispenseRequest": {
        "extension": [
            {
                "url": "https://fhir.nhs.uk/StructureDefinition/Extension-DM-PerformerSiteType",
                "valueCoding": {
                    "system": "https://fhir.nhs.uk/CodeSystem/dispensing-site-preference",
                    "code": "P2"
                }
            }
        ],
        "validityPeriod": {
            "start": "2020-07-13T12:00:00+00:00",
            "end": "2020-08-07T12:00:00+00:00"
        },
        "numberOfRepeatsAllowed": 0,
        "expectedSupplyDuration": {
            "value": 7,
            "unit": "day",
            "system": "http://unitsofmeasure.org",
            "code": "d"
        },
        "performer": {
            "identifier": {
                "system": "https://fhir.nhs.uk/Id/ods-organization-code",
                "value": "VNE51"
            }
        },
        "quantity": {
            "value": 1,
            "unit": "Injection",
            "system": "http://snomed.info/sct",
            "code": "3092611000001103"
        }
    },
    "substitution": {
        "allowedBoolean": false
    }
}