<Bundle xmlns="http://hl7.org/fhir">
  <id value="openep-better" />
  <identifier>
    <system value="https://tools.ietf.org/html/rfc4122" />
    <value value="ee86a018-779c-4809-999f-a9d89cdfd30f" />
  </identifier>
  <type value="message" />
  <entry>
    <fullUrl value="urn:uuid:ed75d3ba-bd49-4ebd-881a-9bec2919962a" />
    <resource>
      <MessageHeader>
        <id value="ed75d3ba-bd49-4ebd-881a-9bec2919962a" />
        <eventCoding>
          <system value="https://fhir.nhs.uk/CodeSystem/message-event" />
          <code value="prescription-order" />
          <display value="Prescription Order" />
        </eventCoding>
        <sender>
          <identifier>
            <system value="https://fhir.nhs.uk/Id/sds-user-id" />
            <value value="896547302565" />
          </identifier>
          <display value="Dr Smith" />
        </sender>
        <source>
          <name value="PAS" />
          <endpoint value="https://directory.spineservices.nhs.uk/STU3/Organization/RBA" />
        </source>
        <focus>
          <reference value="urn:uuid:22a49ecc-eab1-4cc2-ba39-0d34ff8c2bd1" />
        </focus>
        <focus>
          <reference value="urn:uuid:e0094014-9659-4705-a481-0412eefd9dbc" />
        </focus>
        <focus>
          <reference value="urn:uuid:c99b7aff-58fc-4e42-b8d4-80ac573e8bff" />
        </focus>
        <focus>
          <reference value="urn:uuid:f942fd9b-f423-48c5-84b3-0e76bb4c5da5"></reference>
        </focus>
      </MessageHeader>
    </resource>
  </entry>
  <entry>
    <fullUrl value="urn:uuid:22a49ecc-eab1-4cc2-ba39-0d34ff8c2bd1" />
    <resource>
      <MedicationRequest xmlns="http://hl7.org/fhir">
        <extension xmlns="http://hl7.org/fhir" url="https://fhir.nhs.uk/StructureDefinition/Extension-DM-PrescriptionType">
          <valueCoding>
            <system value="https://fhir.nhs.uk/CodeSystem/prescription-type" />
            <code value="0101" />
            <display value="Primary Care Prescriber – Medical Prescriber" />
          </valueCoding>
        </extension>
        <identifier>
          <system value="https://fhir.nhs.uk/Id/prescription-order-item-number"></system>
          <value value="9a9e4e11-5596-47bc-9376-21bf9d451905"></value>
        </identifier>
        <status value="active" />
        <intent value="instance-order"></intent>
        <category>
          <coding>
            <system value="http://terminology.hl7.org/CodeSystem/medicationrequest-category"></system>
            <code value="inpatient"></code>
            <display value="Inpatient"></display>
          </coding>
          <text value="Inpatient"></text>
        </category>
        <medicationReference>
          <reference value="urn:uuid:e0094014-9659-4705-a481-0412eefd9dbc"></reference>
        </medicationReference>
        <subject>
          <reference value="urn:uuid:c99b7aff-58fc-4e42-b8d4-80ac573e8bff"></reference>
        </subject>
        <encounter>
          <reference value="urn:uuid:46588c8c-c606-420b-b3cc-88fb74f5d41b" />
        </encounter>
        <authoredOn value="2020-07-09T12:02:49+02:00"></authoredOn>
        <requester>
          <reference value="urn:uuid:f942fd9b-f423-48c5-84b3-0e76bb4c5da5" />
          <display value="Dr Smith" />
        </requester>
        <groupIdentifier>
          <extension xmlns="http://hl7.org/fhir" url="https://fhir.nhs.uk/StructureDefinition/Extension-DM-PrescriptionId">
            <valueIdentifier>
              <system value="https://fhir.nhs.uk/Id/prescription" />
              <value value="c26f0fe5-c084-4320-9c39-3ccdbc0b2e6a" />
            </valueIdentifier>
          </extension>
          <system value="https://fhir.nhs.uk/Id/prescription-order-number" />
          <value value="248193-923856-00123C" />
        </groupIdentifier>
        <courseOfTherapyType>
          <coding>
            <system value="http://terminology.hl7.org/CodeSystem/medicationrequest-course-of-therapy"></system>
            <code value="acute" />
            <display value="Short course (acute) therapy" />
          </coding>
        </courseOfTherapyType>
        <dosageInstruction>
          <text value="test C Oral Use" />
          <additionalInstruction>
            <text value="test c"></text>
          </additionalInstruction>
          <route>
            <coding>
              <system value="http://snomed.info/sct"></system>
              <code value="26643006"></code>
              <display value="Oral"></display>
            </coding>
            <text value="Oral"></text>
          </route>
        </dosageInstruction>
        <dispenseRequest>
          <extension url="https://fhir.nhs.uk/StructureDefinition/Extension-DM-PerformerSiteType">
            <valueCoding>
              <system value="https://fhir.nhs.uk/CodeSystem/dispensing-site-preference" />
              <code value="0004" />
            </valueCoding>
          </extension>
          <quantity>
            <value value="300.0" />
            <unit value="mg" />
            <system value="http://unitsofmeasure.org" />
            <code value="mg" />
          </quantity>
        </dispenseRequest>
        <substitution>
          <allowedBoolean value="false" />
        </substitution>
      </MedicationRequest>
    </resource>
  </entry>
  <entry>
    <fullUrl value="urn:uuid:e0094014-9659-4705-a481-0412eefd9dbc" />
    <resource>
      <Medication xmlns="http://hl7.org/fhir">
        <code>
          <coding>
            <system value="http://snomed.info/sct"></system>
            <code value="39695211000001102"></code>
            <display value="Aspirin 300mg dispersible tablets"></display>
          </coding>
          <text value="Aspirin 300mg dispersible tablets"></text>
        </code>
        <form>
          <coding>
            <system value="http://snomed.info/sct"></system>
            <code value="421366001"></code>
            <display value="Dispersible tablet"></display>
          </coding>
          <text value="Dispersible tablet"></text>
        </form>
      </Medication>
    </resource>
  </entry>
  <entry>
    <fullUrl value="urn:uuid:c99b7aff-58fc-4e42-b8d4-80ac573e8bff" />
    <resource>
      <Patient xmlns="http://hl7.org/fhir">
        <id value="c99b7aff-58fc-4e42-b8d4-80ac573e8bff"></id>
        <identifier>
          <system value="https://ThinkEhr/Domain"></system>
          <value value="default"></value>
        </identifier>
        <identifier>
          <system value="urn:nhs-uk:addressing:ods:RBA"></system>
          <value value="1007"></value>
        </identifier>
        <identifier>
          <system value="https://fhir.hl7.org.uk/taunton/MRN"></system>
          <value value="1007"></value>
        </identifier>
        <identifier>
          <system value="https://fhir.nhs.uk/Id/nhs-number"></system>
          <value value="9876541007"></value>
        </identifier>
        <name>
          <use value="anonymous"></use>
          <family value="Unknown"></family>
        </name>
        <gender value="unknown" />
        <birthDate value="1972-12-07" />
        <address>
          <use value="home" />
          <type value="both" />
          <line value="10, The High Street," />
          <city value="Simple Town" />
          <postalCode value="AA1 1AA" />
        </address>
        <generalPractitioner>
          <identifier>
            <system value="https://fhir.nhs.uk/Id/ods-organization-code" />
            <value value="Y12345" />
          </identifier>
        </generalPractitioner>
      </Patient>
    </resource>
  </entry>
  <entry>
    <fullUrl value="urn:uuid:46588c8c-c606-420b-b3cc-88fb74f5d41b" />
    <resource>
      <Encounter xmlns="http://hl7.org/fhir">
        <id value="46588c8c-c606-420b-b3cc-88fb74f5d41b" />
        <identifier>
          <system value="https://fhir.taunton.nhs.uk/Id/Encounter" />
          <value value="10071" />
        </identifier>
        <status value="unknown" />
        <class>
          <system value="http://terminology.hl7.org/CodeSystem/v3-ActCode" />
          <code value="HH" />
          <display value="home health" />
        </class>
        <subject>
          <reference value="urn:uuid:c99b7aff-58fc-4e42-b8d4-80ac573e8bff"></reference>
        </subject>
        <location>
          <location>
            <display value="wordsworth" />
          </location>
        </location>
      </Encounter>
    </resource>
  </entry>
  <entry>
    <fullUrl value="urn:uuid:f942fd9b-f423-48c5-84b3-0e76bb4c5da5" />
    <resource>
      <PractitionerRole xmlns="http://hl7.org/fhir">
        <id value="f942fd9b-f423-48c5-84b3-0e76bb4c5da5" />
        <identifier>
          <system value="https://fhir.nhs.uk/Id/sds-role-profile-id" />
          <value value="125686540025" />
        </identifier>
        <practitioner>
          <identifier>
            <system value="https://fhir.nhs.uk/Id/sds-user-id" />
            <value value="896547302565" />
          </identifier>
          <display value="Dr Smith" />
        </practitioner>
        <organization>
          <identifier>
            <use value="official" />
            <system value="https://fhir.nhs.uk/Id/ods-organization-code" />
            <value value="RBA" />
          </identifier>
          <display value="SOMERSET NHS FOUNDATION TRUST" />
        </organization>
        <code>
          <coding>
            <system value="https://fhir.hl7.org.uk/CodeSystem/UKCore-SDSJobRoleName" />
            <code value="R8000" />
          </coding>
        </code>
        <location>
          <reference value="urn:uuid:044e7916-c697-4072-880e-ef44d3032962" />
          <display value="MUSGROVE PARK HOSPITAL" />
        </location>
        <telecom>
          <system value="phone" />
          <value value="01234567890" />
          <use value="work" />
        </telecom>
      </PractitionerRole>
    </resource>
  </entry>
  <entry>
    <fullUrl value="urn:uuid:044e7916-c697-4072-880e-ef44d3032962" />
    <resource>
      <Location>
        <identifier>
          <use value="official" />
          <system value="https://fhir.nhs.uk/Id/ods-organization-code" />
          <value value="RBA11" />
        </identifier>
        <status value="active" />
        <mode value="instance" />
        <address>
          <use value="work" />
          <line value="MUSGROVE PARK HOSPITAL" />
          <city value="TAUNTON" />
          <postalCode value="TA1 5DA" />
          <country value="NLD" />
        </address>
      </Location>
    </resource>
  </entry>
</Bundle>