{
  "resourceType": "Bundle",
  "id": "42b94e14-8240-40fd-b32a-359be0dd3c57",
  "identifier": {
    "system": "https://tools.ietf.org/html/rfc4122",
    "value": "42b94e14-8240-40fd-b32a-359be0dd3c57"
  },
  "type": "message",
  "entry": [
    {
      "fullUrl": "urn:uuid:3599c0e9-9292-413e-9270-9a1ef1ead99c",
      "resource": {
        "resourceType": "MessageHeader",
        "eventCoding": {
          "system": "https://fhir.nhs.uk/CodeSystem/message-event",
          "code": "prescription-order-response",
          "display": "Prescription Order Response"
        },
        "source": {
          "endpoint": "https://sandbox.api.service.nhs.uk/electronic-prescriptions/$process-message"
        },
        "focus": [
          {
            "reference": "urn:uuid:a7b86f8d-1d7c-fc28-e050-d20ae3a215f4"
          },
          {
            "reference": "urn:uuid:51793ac0-112f-46c7-a891-9af8cefb206e"
          }
        ]
      }
    },
    {
      "fullUrl": "urn:uuid:a7b86f8d-1d7c-fc28-e050-d20ae3a215f4",
      "resource": {
        "resourceType": "MedicationRequest",
        "extension": [
          {
            "url": "https://fhir.nhs.uk/StructureDefinition/Extension-DM-PrescriptionStatusHistory",
            "extension": [
              {
                "url": "status",
                "valueCoding": {
                  "system": "https://fhir.nhs.uk/CodeSystem/medicationrequest-status-history",
                  "code": "R-0001",
                  "display": "Prescription/item was cancelled"
                }
              }
            ]
          },
          {
            "url": "https://fhir.nhs.uk/StructureDefinition/Extension-DM-ResponsiblePractitioner",
            "valueReference": {
              "reference": "urn:uuid:56166769-c1c4-4d07-afa8-132b5dfca645"
            }
          },
          {
            "extension": [
              {
                "url": "quantityWords",
                "valueString": "twenty eight"
              },
              {
                "url": "schedule",
                "valueCoding": {
                  "system": "https://fhir.nhs.uk/CodeSystem/medicationrequest-controlled-drug",
                  "code": "CD2",
                  "display": "Schedule 2"
                }
              }
            ],
            "url": "https://fhir.nhs.uk/StructureDefinition/Extension-DM-ControlledDrug"
          }
        ],
        "identifier": [
          {
            "system": "https://fhir.nhs.uk/Id/prescription-order-item-number",
            "value": "A7B86F8D-1D7C-FC28-E050-D20AE3A215F0"
          }
        ],
        "status": "cancelled",
        "intent": "order",
        "medicationCodeableConcept": {
          "coding": [
            {
              "system": "http://snomed.info/sct",
              "code": "36126511000001106",
              "display": "Morphine 10mg modified-release tablets"
            }
          ]
        },
        "subject": {
          "reference": "urn:uuid:848d8470-bd51-494e-9347-8142ea75cb23"
        },
        "authoredOn": "2019-12-30T12:00:00+00:00",
        "requester": {
          "reference": "urn:uuid:63aa76ee-4b0d-41d8-97d5-fe86a134736b"
        },
        "groupIdentifier": {
          "system": "https://fhir.nhs.uk/Id/prescription-order-number",
          "value": "3C2366-B81001-0A409U"
        },
        "dispenseRequest": {
          "extension": [
            {
              "url": "https://fhir.nhs.uk/StructureDefinition/Extension-DM-PerformerSiteType",
              "valueCoding": {
                "system": "https://fhir.nhs.uk/CodeSystem/dispensing-site-preference",
                "code": "0004"
              }
            }
          ],
          "quantity": {
            "value": 28,
            "unit": "tablet",
            "system": "http://snomed.info/sct",
            "code": "428673006"
          },
          "performer": {
            "identifier": {
              "system": "https://fhir.nhs.uk/Id/ods-organization-code",
              "value": "FX748"
            }
          }
        },
        "substitution": {
          "allowedBoolean": false
        }
      }
    },
    {
      "fullUrl": "urn:uuid:848d8470-bd51-494e-9347-8142ea75cb23",
      "resource": {
        "resourceType": "Patient",
        "identifier": [
          {
            "system": "https://fhir.nhs.uk/Id/nhs-number",
            "value": "9453740519"
          }
        ],
        "name": [
          {
            "use": "official",
            "family": "CORY",
            "given": [
              "ETTA"
            ],
            "prefix": [
              "MISS"
            ]
          }
        ],
        "gender": "female",
        "birthDate": "1999-01-04",
        "address": [
          {
            "use": "home",
            "postalCode": "DE21 4QH"
          }
        ],
        "generalPractitioner": [
          {
            "identifier": {
              "system": "https://fhir.nhs.uk/Id/ods-organization-code",
              "value": "B81001"
            }
          }
        ]
      }
    },
    {
      "fullUrl": "urn:uuid:56166769-c1c4-4d07-afa8-132b5dfca645",
      "resource": {
        "resourceType": "PractitionerRole",
        "identifier": [
          {
            "system": "https://fhir.nhs.uk/Id/sds-role-profile-id",
            "value": "100102238986"
          },
          {
            "system": "https://fhir.hl7.org.uk/Id/nhsbsa-spurious-code",
            "value": "G7345213"
          }
        ],
        "practitioner": {
          "identifier": {
            "system": "https://fhir.hl7.org.uk/Id/gmc-number",
            "value": "C1234567"
          },
          "display": "DR RAZIA ALI"
        },
        "organization": {
          "identifier": {
            "system": "https://fhir.nhs.uk/Id/ods-organization-code",
            "value": "RBA"
          },
          "display": "TAUNTON AND SOMERSET NHS FOUNDATION TRUST"
        },
        "specialty": [
          {
            "coding": [
              {
                "system": "https://fhir.hl7.org.uk/CodeSystem/UKCore-PracticeSettingCode",
                "code": "100",
                "display": "GENERAL MEDICINE"
              }
            ]
          }
        ],
        "code": [
          {
            "coding": [
              {
                "system": "https://fhir.hl7.org.uk/CodeSystem/UKCore-SDSJobRoleName",
                "code": "R8000"
              }
            ]
          }
        ],
        "location": [
          {
            "identifier": {
              "system": "https://fhir.nhs.uk/Id/ods-organization-code",
              "value": "RBA11"
            },
            "display": "MUSGROVE PARK HOSPITAL"
          }
        ],
        "healthcareService": [
          {
            "identifier": {
              "use": "official",
              "system": "https://fhir.nhs.uk/Id/ods-organization-code",
              "value": "A99968"
            },
            "display": "SOMERSET BOWEL CANCER SCREENING CENTRE"
          }
        ],
        "telecom": [
          {
            "system": "phone",
            "value": "01234567890",
            "use": "work"
          }
        ]
      }
    },
    {
      "fullUrl": "urn:uuid:51793ac0-112f-46c7-a891-9af8cefb206e",
      "resource": {
        "resourceType": "CommunicationRequest",
        "status": "unknown",
        "subject": {
          "reference": "urn:uuid:848d8470-bd51-494e-9347-8142ea75cb23"
        },
        "payload": [
          {
            "contentString": "Please make an appointment to see your GP. Review date due"
          },
          {
            "contentReference": {
              "reference": "urn:uuid:d0f003a0-8763-43d5-a264-ce52a38901c9",
              "display": "List of Repeat Medications for re-ordering"
            }
          }
        ],
        "requester": {
          "type": "Organization",
          "identifier": {
            "system": "https://fhir.nhs.uk/Id/ods-organization-code",
            "value": "RBA"
          },
          "display": "TAUNTON AND SOMERSET NHS FOUNDATION TRUST"
        },
        "recipient": [
          {
            "type": "Patient",
            "identifier": {
              "system": "https://fhir.nhs.uk/Id/nhs-number",
              "value": "9453740519"
            }
          }
        ]
      }
    },
    {
      "fullUrl": "urn:uuid:d0f003a0-8763-43d5-a264-ce52a38901c9",
      "resource": {
        "resourceType": "List",
        "status": "current",
        "mode": "snapshot",
        "subject": {
          "reference": "urn:uuid:848d8470-bd51-494e-9347-8142ea75cb23"
        },
        "entry": [
          {
            "item": {
              "display": "Bendroflumethiazide 2.5 mg Tablets (3/6)"
            }
          },
          {
            "item": {
              "display": "Salbutamol 100micrograms/dose inhaler CFC free 200 dose (2/6)"
            }
          }
        ]
      }
    },
    {
      "fullUrl": "urn:uuid:63aa76ee-4b0d-41d8-97d5-fe86a134736b",
      "resource": {
        "resourceType": "PractitionerRole",
        "identifier": [
          {
            "system": "https://fhir.nhs.uk/Id/sds-role-profile-id",
            "value": "223891001086"
          }
        ],
        "practitioner": {
          "identifier": {
            "system": "https://fhir.nhs.uk/Id/sds-user-id",
            "value": "8703415201"
          },
          "display": "Dr Liz Scott"
        },
        "organization": {
          "identifier": {
            "system": "https://fhir.nhs.uk/Id/ods-organization-code",
            "value": "RBA"
          },
          "display": "TAUNTON AND SOMERSET NHS FOUNDATION TRUST"
        },
        "code": [
          {
            "coding": [
              {
                "system": "https://fhir.hl7.org.uk/CodeSystem/UKCore-SDSJobRoleName",
                "code": "R1720",
                "display": "Clerical Worker"
              }
            ]
          }
        ],
        "healthcareService": [
          {
            "identifier": {
              "use": "official",
              "system": "https://fhir.nhs.uk/Id/ods-organization-code",
              "value": "A99968"
            },
            "display": "SOMERSET BOWEL CANCER SCREENING CENTRE"
          }
        ],
        "telecom": [
          {
            "system": "phone",
            "value": "01234567890",
            "use": "work"
          }
        ]
      }
    }
  ]
}