{
  "resourceType": "Bundle",
  "id": "899cc492-f35b-4f2e-a1fb-9b7be9aeeb97",
  "identifier": {
    "system": "https://tools.ietf.org/html/rfc4122",
    "value": "36f17614-f054-4f2b-b63b-606b7caf3d40"
  },
  "type": "message",
  "entry": [
    {
      "fullUrl": "urn:uuid:8650010b-9162-49e8-9885-2afbca8f8408",
      "resource": {
        "resourceType": "MessageHeader",
        "eventCoding": {
          "system": "https://fhir.nhs.uk/CodeSystem/message-event",
          "code": "prescription-order",
          "display": "Prescription Order"
        },
        "source": {
          "endpoint": "https://directory.spineservices.nhs.uk/STU3/Organization/RBA"
        },
        "focus": [
          {
            "reference": "urn:uuid:78d3c2eb-009e-4ec8-a358-b042954aa9b2"
          },
          {
            "reference": "urn:uuid:a54219b8-f741-4c47-b662-e4f8dfa49ab6"
          }
        ]
      }
    },
    {
      "fullUrl": "urn:uuid:78d3c2eb-009e-4ec8-a358-b042954aa9b2",
      "resource": {
        "resourceType": "Patient",
        "identifier": [
          {
            "system": "https://fhir.nhs.uk/Id/nhs-number",
            "value": "9453740519"
          }
        ],
        "name": [
          {
            "use": "official",
            "family": "CORY",
            "given": [
              "ETTA"
            ],
            "prefix": [
              "MISS"
            ]
          }
        ],
        "gender": "female",
        "birthDate": "1999-01-04",
        "address": [
          {
            "use": "home",
            "postalCode": "DE21 4QH"
          }
        ],
        "generalPractitioner": [
          {
            "identifier": {
              "system": "https://fhir.nhs.uk/Id/ods-organization-code",
              "value": "B81001"
            }
          }
        ]
      }
    },
    {
      "fullUrl": "urn:uuid:56166769-c1c4-4d07-afa8-132b5dfca666",
      "resource": {
        "resourceType": "PractitionerRole",
        "identifier": [
          {
            "system": "https://fhir.nhs.uk/Id/sds-role-profile-id",
            "value": "100102238986"
          },
          {
            "system": "https://fhir.hl7.org.uk/Id/nhsbsa-spurious-code",
            "value": "G7345213"
          }
        ],
        "practitioner": {
          "reference": "urn:uuid:a8c85454-f8cb-498d-9629-78e2cb5fa47a"
        },
        "organization": {
          "reference": "urn:uuid:3b4b03a5-52ba-4ba6-9b82-70350aa109d8"
        },
        "healthcareService": [
          {
            "reference": "urn:uuid:54b0506d-49af-4245-9d40-d7d64902055e"
          }
        ],
        "code": [
          {
            "coding": [
              {
                "system": "https://fhir.hl7.org.uk/CodeSystem/UKCore-SDSJobRoleName",
                "code": "R8000"
              }
            ]
          }
        ],
        "location": [
          {
            "reference": "urn:uuid:044e7916-c697-4072-880e-ef44d3032962",
            "display": "MUSGROVE PARK HOSPITAL"
          }
        ],
        "telecom": [
          {
            "system": "phone",
            "value": "01234567890",
            "use": "work"
          }
        ]
      }
    },
    {
      "fullUrl": "urn:uuid:a54219b8-f741-4c47-b662-e4f8dfa49ab6",
      "resource": {
        "resourceType": "MedicationRequest",
        "extension": [
          {
            "url": "https://fhir.nhs.uk/StructureDefinition/Extension-DM-PrescriptionType",
            "valueCoding": {
              "system": "https://fhir.nhs.uk/CodeSystem/prescription-type",
              "code": "1001",
              "display": "Outpatient Community Prescriber - Medical Prescriber"
            }
          },
          {
            "url": "https://fhir.nhs.uk/StructureDefinition/Extension-DM-PrescriptionEndorsement",
            "valueCodeableConcept": {
              "coding": [
                {
                  "system": "https://fhir.nhs.uk/CodeSystem/medicationrequest-endorsement",
                  "code": "SLS",
                  "display": "Selected List Scheme"
                }
              ]
            }
          }
        ],
        "identifier": [
          {
            "system": "https://fhir.nhs.uk/Id/prescription-order-item-number",
            "value": "a54219b8-f741-4c47-b662-e4f8dfa49ab6"
          }
        ],
        "status": "active",
        "intent": "order",
        "category": [
          {
            "coding": [
              {
                "system": "http://terminology.hl7.org/CodeSystem/medicationrequest-category",
                "code": "outpatient",
                "display": "Outpatient"
              }
            ]
          }
        ],
        "medicationCodeableConcept": {
          "coding": [
            {
              "system": "http://snomed.info/sct",
              "code": "317896006",
              "display": "Digoxin 125microgram tablets"
            }
          ]
        },
        "subject": {
          "reference": "urn:uuid:78d3c2eb-009e-4ec8-a358-b042954aa9b2"
        },
        "authoredOn": "2020-07-13T12:00:00+00:00",
        "requester": {
          "reference": "urn:uuid:56166769-c1c4-4d07-afa8-132b5dfca666"
        },
        "groupIdentifier": {
          "extension": [
            {
              "url": "https://fhir.nhs.uk/StructureDefinition/Extension-DM-PrescriptionId",
              "valueIdentifier": {
                "system": "https://fhir.nhs.uk/Id/prescription",
                "value": "c09f722d-b277-44e4-bba8-b3aa5b87191d"
              }
            }
          ],
          "system": "https://fhir.nhs.uk/Id/prescription-order-number",
          "value": "A3D861-A1B2C3-00BB24"
        },
        "courseOfTherapyType": {
          "coding": [
            {
              "system": "http://terminology.hl7.org/CodeSystem/medicationrequest-course-of-therapy",
              "code": "acute",
              "display": "Short course (acute) therapy"
            }
          ]
        },
        "note": [
          {
            "text": "GP instructed to prescribe on-going"
          }
        ],
        "dosageInstruction": [
          {
            "text": "1 tablet, daily",
            "timing": {
              "repeat": {
                "period": 1,
                "periodUnit": "d"
              }
            },
            "doseAndRate": [
              {
                "doseQuantity": {
                  "value": 1,
                  "unit": "tablet",
                  "system": "http://snomed.info/sct",
                  "code": "428673006"
                }
              }
            ]
          }
        ],
        "dispenseRequest": {
          "extension": [
            {
              "url": "https://fhir.nhs.uk/StructureDefinition/Extension-DM-PerformerSiteType",
              "valueCoding": {
                "system": "https://fhir.nhs.uk/CodeSystem/dispensing-site-preference",
                "code": "P1"
              }
            }
          ],
          "quantity": {
            "value": 14,
            "unit": "tablet",
            "system": "http://snomed.info/sct",
            "code": "428673006"
          },
          "performer": {
            "identifier": {
              "system": "https://fhir.nhs.uk/Id/ods-organization-code",
              "value": "FX748"
            }
          }
        },
        "substitution": {
          "allowedBoolean": false
        }
      }
    },
    {
      "fullUrl": "urn:uuid:044e7916-c697-4072-880e-ef44d3032962",
      "resource": {
        "resourceType": "Location",
        "identifier": [
          {
            "use": "official",
            "system": "https://fhir.nhs.uk/Id/ods-organization-code",
            "value": "RBA11"
          }
        ],
        "status": "active",
        "mode": "instance",
        "address": {
          "use": "work",
          "line": [
            "MUSGROVE PARK HOSPITAL"
          ],
          "city": "TAUNTON",
          "postalCode": "TA1 5DA",
          "country": "NLD"
        }
      }
    },
    {
      "fullUrl": "urn:uuid:a8c85454-f8cb-498d-9629-78e2cb5fa47a",
      "resource": {
        "resourceType": "Practitioner",
        "id": "a8c85454-f8cb-498d-9629-78e2cb5fa47a",
        "identifier": [
          {
            "system": "https://fhir.hl7.org.uk/Id/gmc-number",
            "value": "C1234567"
          }
        ],
        "name": [
          {
            "family": "ALI",
            "given": [
              "RAZIA"
            ],
            "prefix": [
              "DR"
            ]
          }
        ]
      }
    },
    {
      "fullUrl": "urn:uuid:3b4b03a5-52ba-4ba6-9b82-70350aa109d8",
      "resource": {
        "resourceType": "Organization",
        "id": "3b4b03a5-52ba-4ba6-9b82-70350aa109d8",
        "identifier": [
          {
            "system": "https://fhir.nhs.uk/Id/ods-organization-code",
            "value": "RBA"
          }
        ],
        "name": "TAUNTON AND SOMERSET NHS FOUNDATION TRUST",
        "address": [
          {
            "line": [
              "MUSGROVE PARK HOSPITAL",
              "PARKFIELD DRIVE",
              "TAUNTON"
            ],
            "postalCode": "TA1 5DA"
          }
        ],
        "telecom": [
          {
            "system": "phone",
            "value": "01823333444",
            "use": "work"
          }
        ]
      }
    },
    {
      "fullUrl": "urn:uuid:54b0506d-49af-4245-9d40-d7d64902055e",
      "resource": {
        "resourceType": "HealthcareService",
        "id": "54b0506d-49af-4245-9d40-d7d64902055e",
        "identifier": [
          {
            "use": "official",
            "system": "https://fhir.nhs.uk/Id/ods-organization-code",
            "value": "A99968"
          }
        ],
        "active": true,
        "location": [
          {
            "reference": "urn:uuid:044e7916-c697-4072-880e-ef44d3032962"
          }
        ],
        "name": "SOMERSET BOWEL CANCER SCREENING CENTRE",
        "telecom": [
          {
            "system": "phone",
            "value": "01823 333444",
            "use": "work"
          }
        ]
      }
    }
  ]
}